[
  {
    "name": "Image",
    "enabled": true,
    "fields": [
      {
        "type": "assets",
        "settings": {
          "subType": "image",
          "maxAssets": 1
        },
        "validation": {
          "requireField": {
            "active": false
          }
        },
        "name": "imageFile",
        "label": "ImageFile",
        "descriptionActive": false,
        "description": "",
        "tooltipActive": false,
        "tooltip": "",
        "row": 0,
        "width": "full",
        "position": "start"
      },
      {
        "type": "singleLineText",
        "setDefaultValueAsHidden": false,
        "settings": {
          "subType": "singleLine"
        },
        "validation": {
          "requireField": {
            "active": false
          },
          "numberOfCharacters": {
            "active": false,
            "rangeDefinition": "minimum"
          }
        },
        "name": "altText",
        "label": "AltText",
        "descriptionActive": false,
        "description": "",
        "tooltipActive": false,
        "tooltip": "",
        "row": 1,
        "width": "full",
        "position": "start"
      },
      {
        "type": "singleLineText",
        "setDefaultValueAsHidden": false,
        "settings": {
          "subType": "singleLine"
        },
        "validation": {
          "requireField": {
            "active": false
          },
          "numberOfCharacters": {
            "active": false,
            "rangeDefinition": "minimum"
          }
        },
        "name": "overlay1",
        "label": "Overlay1",
        "descriptionActive": false,
        "description": "",
        "tooltipActive": false,
        "tooltip": "",
        "row": 2,
        "width": "quarter",
        "position": "start"
      },
      {
        "type": "singleLineText",
        "setDefaultValueAsHidden": false,
        "settings": {
          "subType": "singleLine"
        },
        "validation": {
          "requireField": {
            "active": false
          },
          "numberOfCharacters": {
            "active": false,
            "rangeDefinition": "minimum"
          }
        },
        "name": "overlay2",
        "label": "Overlay2",
        "descriptionActive": false,
        "description": "",
        "tooltipActive": false,
        "tooltip": "",
        "row": 2,
        "width": "quarter",
        "position": "quarter"
      }
    ],
    "properties": {
      "contentName": {
        "type": "contentName",
        "settings": {
          "nameGeneratorFields": []
        },
        "label": "Content Item Name",
        "descriptionActive": false,
        "tooltipActive": false,
        "row": 0,
        "width": "half",
        "position": "start"
      },
      "contentTags": {
        "type": "contentTags",
        "validation": {
          "requireField": {
            "active": false
          }
        },
        "label": "Tags",
        "descriptionActive": false,
        "tooltipActive": false,
        "row": 0,
        "width": "half",
        "position": "half"
      },
      "contentDescription": {
        "type": "contentDescription",
        "validation": {
          "requireField": {
            "active": false
          }
        },
        "label": "Description",
        "descriptionActive": false,
        "tooltipActive": false,
        "row": 1,
        "width": "full",
        "position": "start"
      }
    }
  }
]