<?xml version="1.0" encoding="UTF-8"?>
<catalog xmlns="urn:oasis:names:tc:entity:xmlns:xml:catalog" prefer="public">
  
  <!-- domain modules -->
  
  <nextCatalog catalog="common/catalog.xml"/>
  <nextCatalog catalog="d4p_bibbaseDomain/catalog.xml"/>
  <nextCatalog catalog="d4p_classificationDomain/catalog.xml"/>
  <nextCatalog catalog="d4p_enumerationBaseTopicDomain/catalog.xml"/>
  <nextCatalog catalog="d4p_enumerationTopicDomain/catalog.xml"/>
  <nextCatalog catalog="d4p_enumerationMapDomain/catalog.xml"/>
  <nextCatalog catalog="d4p_formattingDomain/catalog.xml"/>
  <nextCatalog catalog="d4p_mathDomain/catalog.xml"/>
  <nextCatalog catalog="d4p_mediaDomain/catalog.xml"/>
  <nextCatalog catalog="d4p_pubcontentDomain/catalog.xml"/>
  <nextCatalog catalog="d4p_renditionTargetAttDomain/catalog.xml"/>
  <nextCatalog catalog="d4p_rubyDomain/catalog.xml"/>
  <nextCatalog catalog="d4p_simplebibDomain/catalog.xml"/>
  <nextCatalog catalog="d4p_simpleEnumerationDomain/catalog.xml"/>
  <nextCatalog catalog="d4p_textbookDomain/catalog.xml"/>
  <nextCatalog catalog="d4p_trainingMapDomain/catalog.xml"/>
  <nextCatalog catalog="d4p_variablesDomain/catalog.xml"/>
  <nextCatalog catalog="d4p_verseDomain/catalog.xml"/>
  <nextCatalog catalog="mathml3/catalog.xml"/>
  <nextCatalog catalog="pubmapDomain/catalog.xml"/>
  <nextCatalog catalog="pubmapMaprefDomain/catalog.xml"/>
  <nextCatalog catalog="pubmetadataDomain/catalog.xml"/>
  
  <!-- Topic types -->
  
  <nextCatalog catalog="article/catalog.xml"/>
  <nextCatalog catalog="chapter/catalog.xml"/>
  <nextCatalog catalog="conversion_configuration/catalog.xml"/>
  <nextCatalog catalog="d4pCover/catalog.xml"/>
  <nextCatalog catalog="d4pExercise/catalog.xml"/>
  <nextCatalog catalog="d4pSlide/catalog.xml"/>
  <nextCatalog catalog="d4pQuestionTopic/catalog.xml"/>
  <nextCatalog catalog="division/catalog.xml"/>
  <nextCatalog catalog="glossentry/catalog.xml"/>
  <nextCatalog catalog="glossgroup/catalog.xml"/>
  <nextCatalog catalog="part/catalog.xml"/>
  <nextCatalog catalog="sidebar/catalog.xml"/>
  <nextCatalog catalog="subsection/catalog.xml"/>
  <nextCatalog catalog="topic/catalog.xml"/>
  <nextCatalog catalog="topic_mathonly/catalog.xml"/>
  
  <nextCatalog catalog="concept/catalog.xml"/>
  <nextCatalog catalog="reference/catalog.xml"/>
  <nextCatalog catalog="task/catalog.xml"/>

  <!-- Map types -->
  
  <nextCatalog catalog="map/catalog.xml"/>
  <nextCatalog catalog="pubmap/catalog.xml"/>
  <nextCatalog catalog="pub-component-map/catalog.xml"/>
  <nextCatalog catalog="report/catalog.xml"/>
  <nextCatalog catalog="learningMap/catalog.xml"/>
  <nextCatalog catalog="trainingMap/catalog.xml"/>
  
  <!-- Non-DITA types -->
  
  <nextCatalog catalog="style2tagmap/catalog.xml"/>
  
</catalog>