[
  {
    "name": "WebApiParam",
    "enabled": true,
    "fields": [
      {
        "type": "multipleChoice",
        "defaultValue": "",
        "settings": {
          "subType": "dropDown",
          "choices": [
            {
              "label": "string"
            },
            {
              "label": "integer"
            },
            {
              "label": "boolean"
            },
            {
              "label": "array"
            },
            {
              "label": "object"
            }
          ],
          "multiSelect": false,
          "listOrientation": "horizontal",
          "otherAsAnOption": false
        },
        "validation": {
          "requireField": {
            "active": false,
            "errorMessage": "This is a required field."
          },
          "numberOfChoices": {
            "active": false,
            "rangeDefinition": "between",
            "errorMessage": "This field does not meet the required number of choices."
          },
          "choiceOrder": "none",
          "standardErrorMessage": ""
        },
        "name": "datatype",
        "label": "Datatype",
        "descriptionActive": false,
        "description": "",
        "tooltipActive": false,
        "tooltip": "",
        "row": 1,
        "width": "half",
        "position": "start"
      },
      {
        "type": "multipleChoice",
        "defaultValue": "",
        "settings": {
          "subType": "radioButton",
          "choices": [
            {
              "label": "Required"
            },
            {
              "label": "Optional"
            }
          ],
          "multiSelect": false,
          "listOrientation": "horizontal",
          "otherAsAnOption": false
        },
        "validation": {
          "requireField": {
            "active": false,
            "errorMessage": "This is a required field."
          },
          "numberOfChoices": {
            "active": false,
            "rangeDefinition": "between",
            "errorMessage": "This field does not meet the required number of choices."
          },
          "choiceOrder": "none",
          "standardErrorMessage": ""
        },
        "name": "required",
        "label": "Required",
        "descriptionActive": false,
        "description": "",
        "tooltipActive": false,
        "tooltip": "",
        "row": 1,
        "width": "half",
        "position": "half"
      },
      {
        "type": "multiLineText",
        "defaultValue": "",
        "setDefaultValueAsHidden": false,
        "settings": {
          "subType": "textEditor"
        },
        "validation": {
          "requireField": {
            "active": false,
            "errorMessage": "This is a required field."
          },
          "numberOfCharacters": {
            "active": false,
            "rangeDefinition": "between",
            "errorMessage": "This field does not meet the required number of characters."
          },
          "standardErrorMessage": ""
        },
        "name": "description",
        "label": "Description",
        "descriptionActive": false,
        "description": "",
        "tooltipActive": false,
        "tooltip": "",
        "row": 2,
        "width": "full",
        "position": "start"
      },
      {
        "type": "singleLineText",
        "defaultValue": "",
        "setDefaultValueAsHidden": false,
        "settings": {
          "subType": "singleLine"
        },
        "validation": {
          "requireField": {
            "active": false,
            "errorMessage": "This is a required field."
          },
          "numberOfCharacters": {
            "active": false,
            "rangeDefinition": "between",
            "errorMessage": "This field does not meet the required number of characters."
          },
          "standardErrorMessage": ""
        },
        "name": "name",
        "label": "Name",
        "descriptionActive": false,
        "description": "",
        "tooltipActive": false,
        "tooltip": "",
        "row": 0,
        "width": "full",
        "position": "start"
      }
    ],
    "properties": {
      "contentName": {
        "type": "contentName",
        "settings": {
          "nameGeneratorFields": []
        },
        "label": "Content Item Name",
        "descriptionActive": false,
        "description": "",
        "tooltipActive": false,
        "tooltip": "",
        "row": 0,
        "width": "half",
        "position": "start"
      },
      "contentTags": {
        "type": "contentTags",
        "validation": {
          "requireField": {
            "active": false,
            "errorMessage": "This is a required field."
          },
          "standardErrorMessage": ""
        },
        "label": "Tags",
        "descriptionActive": false,
        "description": "",
        "tooltipActive": false,
        "tooltip": "",
        "row": 0,
        "width": "half",
        "position": "half"
      },
      "contentDescription": {
        "type": "contentDescription",
        "validation": {
          "requireField": {
            "active": false,
            "errorMessage": "This is a required field."
          },
          "standardErrorMessage": ""
        },
        "label": "Description",
        "descriptionActive": false,
        "description": "",
        "tooltipActive": false,
        "tooltip": "",
        "row": 1,
        "width": "full",
        "position": "start"
      }
    }
  }
]