[
  {
    "name": "TermDesc",
    "enabled": true,
    "fields": [
      {
        "type": "multiLineText",
        "setDefaultValueAsHidden": false,
        "settings": {
          "subType": "textEditor"
        },
        "validation": {
          "requireField": {
            "active": false
          },
          "numberOfCharacters": {
            "active": false,
            "rangeDefinition": "minimum"
          }
        },
        "name": "term",
        "label": "Term",
        "descriptionActive": false,
        "description": "",
        "tooltipActive": false,
        "tooltip": "",
        "row": 0,
        "width": "full",
        "position": "start"
      },
      {
        "type": "multiLineText",
        "setDefaultValueAsHidden": false,
        "settings": {
          "subType": "textEditor"
        },
        "validation": {
          "requireField": {
            "active": false
          },
          "numberOfCharacters": {
            "active": false,
            "rangeDefinition": "minimum"
          }
        },
        "name": "description",
        "label": "Description",
        "descriptionActive": false,
        "description": "",
        "tooltipActive": false,
        "tooltip": "",
        "row": 1,
        "width": "full",
        "position": "start"
      }
    ],
    "properties": {
      "contentName": {
        "type": "contentName",
        "settings": {
          "nameGeneratorFields": []
        },
        "label": "Content Item Name",
        "descriptionActive": false,
        "tooltipActive": false,
        "row": 0,
        "width": "half",
        "position": "start"
      },
      "contentTags": {
        "type": "contentTags",
        "validation": {
          "requireField": {
            "active": false
          }
        },
        "label": "Tags",
        "descriptionActive": false,
        "tooltipActive": false,
        "row": 0,
        "width": "half",
        "position": "half"
      },
      "contentDescription": {
        "type": "contentDescription",
        "validation": {
          "requireField": {
            "active": false
          }
        },
        "label": "Description",
        "descriptionActive": false,
        "tooltipActive": false,
        "row": 1,
        "width": "full",
        "position": "start"
      }
    }
  }
]