<project name="dita2wordToDita" default="dita2word2dita">
  <dirname property="dita2wordToDita.buildfile.dir" file="${ant.file}"/>
  
  
	
	<target name="dita2word2dita" depends="wordToDita">
  </target>
  
  <target name="d4p.wordToDita.init" description="Init properties for wordToDita">
  	<property name="debug" value="false"/>

    <property name="wordToDita.dir" location="${dita2wordToDita.buildfile.dir}/plugins/org.dita4publishers.word2dita"/>
  		
  	<condition property="out.ext" value=".dita">
      <not>
        <isset property="out.ext"></isset>
      </not>
    </condition>
    <condition property="noPlugin">
      <equals arg1="${dita.wordToDita.plugin}" arg2="no"/>
    </condition>
  </target>
  
  <property name="w2d.language" value="en-US"/>

	<target name="wordToDita" depends="d4p.wordToDita.init">
	  <echo message="[DEBUG] wordToDita.dir=${wordToDita.dir}"/>
	  <ant antfile="${wordToDita.dir}/build-word2dita.xml" target="word2dita">
	  	<!-- Translate OT properties to Word2DITA properties: -->
	  	<property name="word.doc" value="${args.input}"/>
			<property name="w2d.temp.dir" location="${dita.temp.dir}"/>
	  	<property name="w2d.out.dir" location="${output.dir}"/>
	  	<property name="w2d.language" value="${w2d.language}"/>
	  </ant>
  </target>

</project>