<?xml version="1.0" encoding="UTF-8"?>
<project name="org.dita4publishers.word2dita" default="word2dita">
	
	<!-- NOTE: This is copied from build_init.xml in the main OT.
	    
	     The dita.plugin.org.dita.base.dir property may or may not be set
	     automatically.
	-->
	<xmlcatalog id="dita.catalog">
    <catalogpath path="${dita.plugin.org.dita.base.dir}/catalog-dita.xml"/>
  </xmlcatalog>

	
	<!--
	<tstamp/>
	-->
	<target name="checkWordDoc">
	   <available property="w2d.have.word.doc" file="${word.doc}"/>
	</target>

	<target name="checkParameters" depends="checkWordDoc"
		unless="w2d.have.word.doc"
	   >
		<echo message=" [ERROR] Could not find Word document '${word.doc}'"/>
		<echo message=" [ERROR] You must specify the parameter 'word.doc' with the full path to the Word DOCX file to be converted."
			level="error"			
		/>
	</target>
	
  <target name="word2dita" description="Converts a Word DOCX document to DITA maps and topics"
  	 depends="checkParameters, doWord2Dita"
		>
		
	</target>
	
	<target name="initProperties">
		<dirname property="w2d.base.dir" file="${ant.file}"/>
		
		<property name="w2d.temp.dir" location="${basedir}/temp"/>
		
		<property name="w2d.out.dir" location="${w2d.temp.dir}/dita"/>

		<property name="xsl.dir" location="${w2d.base.dir}/xsl"/>
		
		<property name="w2d.debug.xslt" value="false"/><!-- Set to "true" to turn on XSLT debug messages -->
		
		<property name="w2d.clean.output.dir" value="false"/>
		
		<condition property="clean.temp.dir" value="true">
			<not>
			  <isset property="w2d.clean.temp.dir"/>
			</not>
		</condition>

		<condition property="clean.temp.dir" value="${w2d.clean.temp.dir}">
			<isset property="w2d.clean.temp.dir"/>
		</condition>
		
		<condition property="doCleanTempDir" value="true">
			<or>
				<equals arg1="clean.temp.dir" arg2="true"/>
				<equals arg1="clean.temp.dir" arg2="yes"/>
				<equals arg1="clean.temp.dir" arg2="on"/>
		  </or>
		</condition>

		<property name="word.doc" value="word.doc not set"/>
		
		<basename 
			property="word.doc.basename"  
			file="${word.doc}" 
			suffix=".docx"
		/>
		
		<property name="w2d.defaultStyleToTagMap" 
			location="${xsl.dir}/word-builtin-styles-style2tagmap.xml"/>

		<condition property="w2d.style-to-tag-map" value="${w2d.defaultStyleToTagMap}">
			<not>
			  <isset property="w2d.style-to-tag-map"/>
			 </not>
		</condition>
		
		<condition property="w2d.generate.navtitles" value="true">
			<not>
			  <isset property="w2d.generate.navtitles"/>
			 </not>
		</condition>
		
	  <condition property="w2d.language" value="en-US">
	    <not>
	      <isset property="w2d.language"/>
	    </not>
	  </condition>
	  
	  <condition property="w2d.topic.extension" value=".dita">
			<not>
			 <isset property="w2d.topic.extension"/>
			</not>
		</condition>
		
		<condition property="w2d.root.map.name" value="${word.doc.basename}">
			<and>
				<not>
				  <isset property="w2d.root.topic.name"/>
				</not>
				<not>
				  <isset property="w2d.root.map.name"/>
				</not>
			</and>
		</condition>

		<condition property="w2d.root.topic.name" value="${word.doc.basename}" >
			<and>
				<not>
				  <isset property="w2d.root.topic.name"/>
				</not>
				<not>
				  <isset property="w2d.root.map.name"/>
				</not>
			</and>
		</condition>

		<condition property="w2d.root.output.filename" value="${w2d.root.topic.name}${w2d.topic.extension}">
			<and>
			  <isset property="w2d.root.topic.name"/>
				<not>
				  <isset property="w2d.root.output.filename"/>
				</not>
				<not>
				  <isset property="w2d.root.map.name"/>
				</not>
			</and>
	  </condition>	  

		<condition property="w2d.root.output.filename" value="delete.me">
			<and>
			  <isset property="w2d.root.map.name"/>
				<not>
				  <isset property="w2d.root.output.filename"/>
				</not>
			</and>
	  </condition>

		<property name="w2d.word2dita.xslt" location="${xsl.dir}/docx2dita.xsl"/>

		<condition property="w2p.do.clean.output.dir">
			<or>
				<equals arg1="${w2d.clean.output.dir}" arg2="true" casesensitive="false"/>
				<equals arg1="${w2d.clean.output.dir}" arg2="yes" casesensitive="false"/>
				<equals arg1="${w2d.clean.output.dir}" arg2="on" casesensitive="false"/>
		  </or>
		</condition>
		
  	<echo message="+++ word2dita-specific properties:"/>
  	<echoproperties format="text" regex="^(w2d*)" taskname="echo"/>

	</target>
	
	<target name="doWord2Dita" depends="initProperties">
		<mkdir dir="${w2d.temp.dir}"/>

		<property name="word.document.xml.path" location="${w2d.temp.dir}/${word.doc.basename}/word/document.xml"/>
		<antcall target="unzipWordDoc"/>
		<echo message="w2d.style-to-tag-map='${w2d.style-to-tag-map}'"/>
		<antcall target="transformWordToDita">
			<param name="word.document.xml.path" value="${word.document.xml.path}"/>
		</antcall>
		<antcall target="clean.temp"/>
	</target>
	
	<target name="clean.temp" if="doCleanTempDir">
		<delete dir="${w2d.temp.dir}" failonerror="true" includeemptydirs="true">
			<include name="**/*"/>
		</delete>
	</target>
	
	<target name="unzipWordDoc">
		<unzip dest="${w2d.temp.dir}/${word.doc.basename}" overwrite="yes"
			src="${word.doc}"
			>
		</unzip>
  </target>
	
	<target name="cleanOutputDir" if="w2p.do.clean.output.dir">
    <echo message="[INFO] Cleaning output directory ${w2d.out.dir}..."/>
		
		<delete dir="${w2d.out.dir}" failonerror="true" includeemptydirs="true">
			<include name="**/*"/>
		</delete>		
	</target>
	
	<target name="transformWordToDita" depends="cleanOutputDir">

    <echo message="[INFO] Creating output directory ${w2d.out.dir}..."/>
    <echo message="[INFO] Creating output file ${w2d.root.output.filename}..."/>

		<mkdir dir="${w2d.out.dir}"/>
		
		<makeurl property="styleMapUri.url" file="${w2d.style-to-tag-map}"/>
		<makeurl property="outputDir.url" file="${w2d.out.dir}"/>
		<makeurl property="mediaDirUri.url" file="${w2d.media.dir}" validate="false"/>
		
    <echo message="[INFO] Generating DITA documents from Word document in output directory ${w2d.out.dir}..."/>
    <echo message="[INFO]   Using XSLT ${w2d.word2dita.xslt}..."/>

		<xslt style="${w2d.word2dita.xslt}"
			in="${word.document.xml.path}"
			out="${w2d.out.dir}/${w2d.root.output.filename}"
			>
			<param name="styleMapUri" expression="${styleMapUri.url}"/>
			<param name="mediaDirUri" expression="${mediaDirUri.url}" if="w2d.media.dir"/>
			<param name="rootMapName" expression="${w2d.root.map.name}" if="w2d.root.map.name"/>			
		  <!-- NOTE: Last value specified wins, so put w2d.root.topic.name last -->
			<param name="rootTopicName" expression="${w2d.root.map.name}" if="w2d.root.map.name"/>			
			<param name="rootTopicName" expression="${w2d.root.topic.name}" if="w2d.root.topic.name"/>			
			<param name="submapNamePrefix" expression="${w2d.submap.name.prefix}" if="w2d.submap.name.prefix"/>			
			<param name="outputDir" expression="${outputDir.url}"/>
			<param name="debug" expression="${w2d.debug.xslt}"/>
    	<param name="rawPlatformString" expression="${os.name}"/>
      <param name="filterBr" expression="${w2d.filter.br}" if="w2d.filter.br"/>
      <param name="filterTabs" expression="${w2d.filter.tabs}" if="w2d.filter.tabs"/>
      <param name="includeWordBackPointers" expression="${w2d.include.word.backpointers}" if="w2d.include.word.backpointers"/>
      <param name="topicExtension" expression="${w2d.topic.extension}" if="w2d.topic.extension"/>
      <param name="includeWordBookmarks" expression="${w2d.include.word.bookmarks}" if="w2d.include.word.bookmarks"/>
      <param name="fileNamePrefix" expression="${w2d.filename.prefix}" if="w2d.filename.prefix"/>
      <param name="submapNamePrefix" expression="${w2d.submap.name.prefix}" if="w2d.submap.name.prefix"/>
			<param name="language" expression="${w2d.language}" if="w2d.language"/>
		  <param name="generateNavtitles" expression="${w2d.generate.navtitles}"
		     if="w2d.generate.navtitles"
		  />
		  <param name="topicNumberFormat" expression="${w2d.topic.number.format}"
		     if="w2d.topic.number.format"
		  />
		  <param name="mapNumberFormat" expression="${w2d.map.number.format}"
		     if="w2d.map.number.format"
		  />
      <xmlcatalog refid="dita.catalog"></xmlcatalog>
		</xslt>
		<echo>[INFO] Transform complete</echo>
	</target>
</project>