<?xml version="1.0" encoding="UTF-8"?>
<catalog xmlns="urn:oasis:names:tc:entity:xmlns:xml:catalog"          
  prefer="public">  
  <public publicId="urn:public::dita4publishers.org:namespaces:word2dita:style2tagmap"
    uri="style2tagmap.xsd"
  />
  <public publicId="urn:public:dita4publishers.org:namespaces:word2dita:style2tagmap"
    uri="style2tagmap.xsd"
  />
  <system systemId="urn:public::dita4publishers.org:namespaces:word2dita:style2tagmap"
    uri="style2tagmap.xsd"
  />
  <system systemId="urn:public:dita4publishers.org:namespaces:word2dita:style2tagmap"
    uri="style2tagmap.xsd"
  />
  <system systemId="urn:dita4publishers:doctypes:style2tagmap:xsd:style2tagmap.xsd"
    uri="style2tagmap.xsd"
  />
  <system systemId="style2tagmap.xsd"
    uri="style2tagmap.xsd"
  />
  
  <uri name="urn:public::dita4publishers.org:namespaces:word2dita:style2tagmap"
    uri="style2tagmap.xsd"
  />
  
  <uri name="urn:public:dita4publishers.org:namespaces:word2dita:style2tagmap"
    uri="style2tagmap.xsd"
  />
  
</catalog>  