<?xml version="1.0" encoding="UTF-8"?>
<Font2UnicodeMap sourceFont="Wingdings"><!-- See http://www.alanwood.net/demos/wingdings.html -->

  <codePointMapping origCodePoint="0020" unicodeCodePoint="0020" characterName="Space"/>
  <codePointMapping origCodePoint="0021" unicodeCodePoint="270F" characterName="Pencil"/>
  <codePointMapping origCodePoint="0022"
                     unicodeCodePoint="2702"
                     characterName="Black scissors"/>
  <codePointMapping origCodePoint="0023"
                     unicodeCodePoint="2701"
                     characterName="Upper blade scissors"/>
  <codePointMapping origCodePoint="0024"
                     unicodeCodePoint="1F453"
                     characterName="Eyeglasses"/>
  <codePointMapping origCodePoint="0025" unicodeCodePoint="1F514" characterName="Bell"/>
  <codePointMapping origCodePoint="0026"
                     unicodeCodePoint="1F4D6"
                     characterName="Open book"/>
  <codePointMapping origCodePoint="0027"
                     unicodeCodePoint="003F"
                     characterName="#No Unicode Equivalent"/>
  <codePointMapping origCodePoint="0028"
                     unicodeCodePoint="260E"
                     characterName="Black telephone"/>
  <codePointMapping origCodePoint="0029"
                     unicodeCodePoint="2706"
                     characterName="Telephone location sign"/>
  <codePointMapping origCodePoint="002A"
                     unicodeCodePoint="2709"
                     characterName="Envelope"/>
  <codePointMapping origCodePoint="002B"
                     unicodeCodePoint="003F"
                     characterName="#No Unicode Equivalent"/>
  <codePointMapping origCodePoint="002C"
                     unicodeCodePoint="1F4EA"
                     characterName="Closed mailbox with lowered flag"/>
  <codePointMapping origCodePoint="002D"
                     unicodeCodePoint="1F4EB"
                     characterName="Closed mailbox with raised flag"/>
  <codePointMapping origCodePoint="002E"
                     unicodeCodePoint="1F4EC"
                     characterName="Open mailbox with raised flag"/>
  <codePointMapping origCodePoint="002F"
                     unicodeCodePoint="1F4ED"
                     characterName="Open mailbox with lowered flag"/>
  <codePointMapping origCodePoint="0030"
                     unicodeCodePoint="1F4C1"
                     characterName="File folder"/>
  <codePointMapping origCodePoint="0031"
                     unicodeCodePoint="1F4C2"
                     characterName="Open file folder"/>
  <codePointMapping origCodePoint="0032"
                     unicodeCodePoint="1F4C4"
                     characterName="Page facing up"/>
  <codePointMapping origCodePoint="0033"
                     unicodeCodePoint="003F"
                     characterName="#No Unicode Equivalent"/>
  <codePointMapping origCodePoint="0034"
                     unicodeCodePoint="003F"
                     characterName="#No Unicode Equivalent"/>
  <codePointMapping origCodePoint="0035"
                     unicodeCodePoint="003F"
                     characterName="#No Unicode Equivalent"/>
  <codePointMapping origCodePoint="0036"
                     unicodeCodePoint="231B"
                     characterName="Hourglass"/>
  <codePointMapping origCodePoint="0037"
                     unicodeCodePoint="2328"
                     characterName="Keyboard"/>
  <codePointMapping origCodePoint="0038"
                     unicodeCodePoint="003F"
                     characterName="#No Unicode Equivalent"/>
  <codePointMapping origCodePoint="0039"
                     unicodeCodePoint="003F"
                     characterName="#No Unicode Equivalent"/>
  <codePointMapping origCodePoint="003A"
                     unicodeCodePoint="1F4BB"
                     characterName="Personal computer"/>
  <codePointMapping origCodePoint="003B"
                     unicodeCodePoint="003F"
                     characterName="#No Unicode Equivalent"/>
  <codePointMapping origCodePoint="003C"
                     unicodeCodePoint="1F4BE"
                     characterName="Floppy disk"/>
  <codePointMapping origCodePoint="003D"
                     unicodeCodePoint="003F"
                     characterName="#No Unicode Equivalent"/>
  <codePointMapping origCodePoint="003E"
                     unicodeCodePoint="2707"
                     characterName="Tape drive"/>
  <codePointMapping origCodePoint="003F"
                     unicodeCodePoint="270D"
                     characterName="Writing hand"/>
  <codePointMapping origCodePoint="0040"
                     unicodeCodePoint="003F"
                     characterName="#No Unicode Equivalent"/>
  <codePointMapping origCodePoint="0041"
                     unicodeCodePoint="270C"
                     characterName="Victory hand"/>
  <codePointMapping origCodePoint="0042"
                     unicodeCodePoint="1F44C"
                     characterName="OK hand sign"/>
  <codePointMapping origCodePoint="0043"
                     unicodeCodePoint="1F44D"
                     characterName="Thumbs up sign"/>
  <codePointMapping origCodePoint="0044"
                     unicodeCodePoint="1F44E"
                     characterName="Thumbs down sign"/>
  <codePointMapping origCodePoint="0045"
                     unicodeCodePoint="261C"
                     characterName="White left pointing index"/>
  <codePointMapping origCodePoint="0046"
                     unicodeCodePoint="261E"
                     characterName="White right pointing index"/>
  <codePointMapping origCodePoint="0047"
                     unicodeCodePoint="261D"
                     characterName="White up pointing index"/>
  <codePointMapping origCodePoint="0048"
                     unicodeCodePoint="261F"
                     characterName="White down pointing index"/>
  <codePointMapping origCodePoint="0049"
                     unicodeCodePoint="270B"
                     characterName="Raised hand"/>
  <codePointMapping origCodePoint="004A"
                     unicodeCodePoint="263A"
                     characterName="White smiling face"/>
  <codePointMapping origCodePoint="004B"
                     unicodeCodePoint="1F610"
                     characterName="Neutral face"/>
  <codePointMapping origCodePoint="004C"
                     unicodeCodePoint="2639"
                     characterName="White frowning face"/>
  <codePointMapping origCodePoint="004D" unicodeCodePoint="1F4A3" characterName="Bomb"/>
  <codePointMapping origCodePoint="004E"
                     unicodeCodePoint="2620"
                     characterName="Skull and crossbones"/>
  <codePointMapping origCodePoint="004F"
                     unicodeCodePoint="2690"
                     characterName="White flag"/>
  <codePointMapping origCodePoint="0050"
                     unicodeCodePoint="1F6A9"
                     characterName="Triangular flag on post"/>
  <codePointMapping origCodePoint="0051"
                     unicodeCodePoint="2708"
                     characterName="Airplane"/>
  <codePointMapping origCodePoint="0052"
                     unicodeCodePoint="263C"
                     characterName="White sun with rays"/>
  <codePointMapping origCodePoint="0053"
                     unicodeCodePoint="1F4A7"
                     characterName="Droplet"/>
  <codePointMapping origCodePoint="0054"
                     unicodeCodePoint="2744"
                     characterName="Snowflake"/>
  <codePointMapping origCodePoint="0055"
                     unicodeCodePoint="003F"
                     characterName="#No Unicode Equivalent"/>
  <codePointMapping origCodePoint="0056"
                     unicodeCodePoint="271E"
                     characterName="Shadowed white Latin cross"/>
  <codePointMapping origCodePoint="0057"
                     unicodeCodePoint="003F"
                     characterName="#No Unicode Equivalent"/>
  <codePointMapping origCodePoint="0058"
                     unicodeCodePoint="2720"
                     characterName="Maltese cross"/>
  <codePointMapping origCodePoint="0059"
                     unicodeCodePoint="2721"
                     characterName="Star of David"/>
  <codePointMapping origCodePoint="005A"
                     unicodeCodePoint="262A"
                     characterName="Star and crescent"/>
  <codePointMapping origCodePoint="005B"
                     unicodeCodePoint="262F"
                     characterName="Yin Yang"/>
  <codePointMapping origCodePoint="005C"
                     unicodeCodePoint="0950"
                     characterName="Devanagari Om"/>
  <codePointMapping origCodePoint="005D"
                     unicodeCodePoint="2638"
                     characterName="Wheel of Dharma"/>
  <codePointMapping origCodePoint="005E" unicodeCodePoint="2648" characterName="Aries"/>
  <codePointMapping origCodePoint="005F" unicodeCodePoint="2649" characterName="Taurus"/>
  <codePointMapping origCodePoint="0060" unicodeCodePoint="264A" characterName="Gemini"/>
  <codePointMapping origCodePoint="0061" unicodeCodePoint="264B" characterName="Cancer"/>
  <codePointMapping origCodePoint="0062" unicodeCodePoint="264C" characterName="Leo"/>
  <codePointMapping origCodePoint="0063" unicodeCodePoint="264D" characterName="Virgo"/>
  <codePointMapping origCodePoint="0064" unicodeCodePoint="264E" characterName="Libra"/>
  <codePointMapping origCodePoint="0065"
                     unicodeCodePoint="264F"
                     characterName="Scorpio"/>
  <codePointMapping origCodePoint="0066"
                     unicodeCodePoint="2650"
                     characterName="Sagittarius"/>
  <codePointMapping origCodePoint="0067"
                     unicodeCodePoint="2651"
                     characterName="Capricorn"/>
  <codePointMapping origCodePoint="0068"
                     unicodeCodePoint="2652"
                     characterName="Aquarius"/>
  <codePointMapping origCodePoint="0069" unicodeCodePoint="2653" characterName="Pisces"/>
  <codePointMapping origCodePoint="006A"
                     unicodeCodePoint="0026"
                     characterName="Ampersand (italic, lower-case)"/>
  <codePointMapping origCodePoint="006B"
                     unicodeCodePoint="0026"
                     characterName="Ampersand (italic)"/>
  <codePointMapping origCodePoint="006C"
                     unicodeCodePoint="25CF"
                     characterName="Black circle"/>
  <codePointMapping origCodePoint="006D"
                     unicodeCodePoint="274D"
                     characterName="Shadowed white circle"/>
  <codePointMapping origCodePoint="006E"
                     unicodeCodePoint="25A0"
                     characterName="Black square"/>
  <codePointMapping origCodePoint="006F"
                     unicodeCodePoint="25A1"
                     characterName="White square"/>
  <codePointMapping origCodePoint="0070"
                     unicodeCodePoint="003F"
                     characterName="#No Unicode Equivalent"/>
  <codePointMapping origCodePoint="0071"
                     unicodeCodePoint="2751"
                     characterName="Lower right shadowed white square"/>
  <codePointMapping origCodePoint="0072"
                     unicodeCodePoint="2752"
                     characterName="Upper right shadowed white square"/>
  <codePointMapping origCodePoint="0073"
                     unicodeCodePoint="2B27"
                     characterName="Black medium lozenge"/>
  <codePointMapping origCodePoint="0074"
                     unicodeCodePoint="29EB"
                     characterName="Black lozenge"/>
  <codePointMapping origCodePoint="0075"
                     unicodeCodePoint="25C6"
                     characterName="Black diamond"/>
  <codePointMapping origCodePoint="0076"
                     unicodeCodePoint="2756"
                     characterName="Black diamond minus white X"/>
  <codePointMapping origCodePoint="0077"
                     unicodeCodePoint="2B25"
                     characterName="Black medium diamond"/>
  <codePointMapping origCodePoint="0078"
                     unicodeCodePoint="2327"
                     characterName="X in a rectangle box"/>
  <codePointMapping origCodePoint="0079"
                     unicodeCodePoint="2353"
                     characterName="APL functional symbol quad up caret"/>
  <codePointMapping origCodePoint="007A"
                     unicodeCodePoint="2318"
                     characterName="Place of interest sign"/>
  <codePointMapping origCodePoint="007B"
                     unicodeCodePoint="2740"
                     characterName="White florette"/>
  <codePointMapping origCodePoint="007C"
                     unicodeCodePoint="273F"
                     characterName="Black florette"/>
  <codePointMapping origCodePoint="007D"
                     unicodeCodePoint="275D"
                     characterName="Heavy double turned comma quotation mark ornament"/>
  <codePointMapping origCodePoint="007E"
                     unicodeCodePoint="275E"
                     characterName="Heavy double comma quotation mark ornament"/>
  <codePointMapping origCodePoint="007F"
                     unicodeCodePoint="25AF"
                     characterName="White vertical rectangle"/>
  <codePointMapping origCodePoint="0080"
                     unicodeCodePoint="24EA"
                     characterName="Circled digit zero"/>
  <codePointMapping origCodePoint="0081"
                     unicodeCodePoint="2460"
                     characterName="Circled digit one"/>
  <codePointMapping origCodePoint="0082"
                     unicodeCodePoint="2461"
                     characterName="Circled digit two"/>
  <codePointMapping origCodePoint="0083"
                     unicodeCodePoint="2462"
                     characterName="Circled digit three"/>
  <codePointMapping origCodePoint="0084"
                     unicodeCodePoint="2463"
                     characterName="Circled digit four"/>
  <codePointMapping origCodePoint="0085"
                     unicodeCodePoint="2464"
                     characterName="Circled digit five"/>
  <codePointMapping origCodePoint="0086"
                     unicodeCodePoint="2465"
                     characterName="Circled digit six"/>
  <codePointMapping origCodePoint="0087"
                     unicodeCodePoint="2466"
                     characterName="Circled digit seven"/>
  <codePointMapping origCodePoint="0088"
                     unicodeCodePoint="2467"
                     characterName="Circled digit eight"/>
  <codePointMapping origCodePoint="0089"
                     unicodeCodePoint="2468"
                     characterName="Circled digit nine"/>
  <codePointMapping origCodePoint="008A"
                     unicodeCodePoint="2469"
                     characterName="Circled number ten"/>
  <codePointMapping origCodePoint="008B"
                     unicodeCodePoint="24FF"
                     characterName="Negative circled digit zero"/>
  <codePointMapping origCodePoint="008C"
                     unicodeCodePoint="2776"
                     characterName="Dingbat negative circled digit one"/>
  <codePointMapping origCodePoint="008D"
                     unicodeCodePoint="2777"
                     characterName="Dingbat negative circled digit two"/>
  <codePointMapping origCodePoint="008E"
                     unicodeCodePoint="2778"
                     characterName="Dingbat negative circled digit three"/>
  <codePointMapping origCodePoint="008F"
                     unicodeCodePoint="2779"
                     characterName="Dingbat negative circled digit four"/>
  <codePointMapping origCodePoint="0090"
                     unicodeCodePoint="277A"
                     characterName="Dingbat negative circled digit five"/>
  <codePointMapping origCodePoint="0091"
                     unicodeCodePoint="277B"
                     characterName="Dingbat negative circled digit six"/>
  <codePointMapping origCodePoint="0092"
                     unicodeCodePoint="277C"
                     characterName="Dingbat negative circled digit seven"/>
  <codePointMapping origCodePoint="0093"
                     unicodeCodePoint="277D"
                     characterName="Dingbat negative circled digit eight"/>
  <codePointMapping origCodePoint="0094"
                     unicodeCodePoint="277E"
                     characterName="Dingbat negative circled digit nine"/>
  <codePointMapping origCodePoint="0095"
                     unicodeCodePoint="277F"
                     characterName="Dingbat negative circled number ten"/>
  <codePointMapping origCodePoint="0096"
                     unicodeCodePoint="003F"
                     characterName="#No Unicode Equivalent"/>
  <codePointMapping origCodePoint="0097"
                     unicodeCodePoint="003F"
                     characterName="#No Unicode Equivalent"/>
  <codePointMapping origCodePoint="0098"
                     unicodeCodePoint="003F"
                     characterName="#No Unicode Equivalent"/>
  <codePointMapping origCodePoint="0099"
                     unicodeCodePoint="003F"
                     characterName="#No Unicode Equivalent"/>
  <codePointMapping origCodePoint="009A"
                     unicodeCodePoint="003F"
                     characterName="#No Unicode Equivalent"/>
  <codePointMapping origCodePoint="009B"
                     unicodeCodePoint="003F"
                     characterName="#No Unicode Equivalent"/>
  <codePointMapping origCodePoint="009C"
                     unicodeCodePoint="003F"
                     characterName="#No Unicode Equivalent"/>
  <codePointMapping origCodePoint="009D"
                     unicodeCodePoint="003F"
                     characterName="#No Unicode Equivalent"/>
  <codePointMapping origCodePoint="009E"
                     unicodeCodePoint="00B7"
                     characterName="Middle dot"/>
  <codePointMapping origCodePoint="009F" unicodeCodePoint="2022" characterName="Bullet"/>
  <codePointMapping origCodePoint="00A0"
                     unicodeCodePoint="25AA"
                     characterName="Black small square"/>
  <codePointMapping origCodePoint="00A1"
                     unicodeCodePoint="25CB"
                     characterName="White circle"/>
  <codePointMapping origCodePoint="00A2"
                     unicodeCodePoint="2B55"
                     characterName="Heavy large circle"/>
  <codePointMapping origCodePoint="00A3"
                     unicodeCodePoint="003F"
                     characterName="#No Unicode Equivalent"/>
  <codePointMapping origCodePoint="00A4"
                     unicodeCodePoint="25C9"
                     characterName="Fisheye"/>
  <codePointMapping origCodePoint="00A5"
                     unicodeCodePoint="25CE"
                     characterName="Bullseye"/>
  <codePointMapping origCodePoint="00A6"
                     unicodeCodePoint="003F"
                     characterName="#No Unicode Equivalent"/>
  <codePointMapping origCodePoint="00A7"
                     unicodeCodePoint="25AA"
                     characterName="Black small square"/>
  <codePointMapping origCodePoint="00A8"
                     unicodeCodePoint="25FB"
                     characterName="White medium square"/>
  <codePointMapping origCodePoint="00A9"
                     unicodeCodePoint="003F"
                     characterName="#No Unicode Equivalent"/>
  <codePointMapping origCodePoint="00AA"
                     unicodeCodePoint="2726"
                     characterName="Black four pointed star"/>
  <codePointMapping origCodePoint="00AB"
                     unicodeCodePoint="2605"
                     characterName="Black star"/>
  <codePointMapping origCodePoint="00AC"
                     unicodeCodePoint="2736"
                     characterName="Six pointed black star"/>
  <codePointMapping origCodePoint="00AD"
                     unicodeCodePoint="2734"
                     characterName="Eight pointed black star"/>
  <codePointMapping origCodePoint="00AE"
                     unicodeCodePoint="2739"
                     characterName="Twelve pointed black star"/>
  <codePointMapping origCodePoint="00AF"
                     unicodeCodePoint="2735"
                     characterName="Eight pointed pinwheel star"/>
  <codePointMapping origCodePoint="00B0"
                     unicodeCodePoint="003F"
                     characterName="#No Unicode Equivalent"/>
  <codePointMapping origCodePoint="00B1"
                     unicodeCodePoint="2316"
                     characterName="Position indicator"/>
  <codePointMapping origCodePoint="00B2"
                     unicodeCodePoint="27E1"
                     characterName="White concave-sided diamond"/>
  <codePointMapping origCodePoint="00B3"
                     unicodeCodePoint="2311"
                     characterName="Square lozenge"/>
  <codePointMapping origCodePoint="00B4"
                     unicodeCodePoint="003F"
                     characterName="#No Unicode Equivalent"/>
  <codePointMapping origCodePoint="00B5"
                     unicodeCodePoint="272A"
                     characterName="Circled white star"/>
  <codePointMapping origCodePoint="00B6"
                     unicodeCodePoint="2730"
                     characterName="Shadowed white star"/>
  <codePointMapping origCodePoint="00B7"
                     unicodeCodePoint="1F550"
                     characterName="Clock face one oclock"/>
  <codePointMapping origCodePoint="00B8"
                     unicodeCodePoint="1F551"
                     characterName="Clock face two oclock"/>
  <codePointMapping origCodePoint="00B9"
                     unicodeCodePoint="1F552"
                     characterName="Clock face three oclock"/>
  <codePointMapping origCodePoint="00BA"
                     unicodeCodePoint="1F553"
                     characterName="Clock face four oclock"/>
  <codePointMapping origCodePoint="00BB"
                     unicodeCodePoint="1F554"
                     characterName="Clock face five oclock"/>
  <codePointMapping origCodePoint="00BC"
                     unicodeCodePoint="1F555"
                     characterName="Clock face six oclock"/>
  <codePointMapping origCodePoint="00BD"
                     unicodeCodePoint="1F556"
                     characterName="Clock face seven oclock"/>
  <codePointMapping origCodePoint="00BE"
                     unicodeCodePoint="1F557"
                     characterName="Clock face eight oclock"/>
  <codePointMapping origCodePoint="00BF"
                     unicodeCodePoint="1F558"
                     characterName="Clock face nine oclock"/>
  <codePointMapping origCodePoint="00C0"
                     unicodeCodePoint="1F559"
                     characterName="Clock face ten oclock"/>
  <codePointMapping origCodePoint="00C1"
                     unicodeCodePoint="1F55A"
                     characterName="Clock face eleven oclock"/>
  <codePointMapping origCodePoint="00C2"
                     unicodeCodePoint="1F55B"
                     characterName="Clock face twelve oclock"/>
  <codePointMapping origCodePoint="00C3"
                     unicodeCodePoint="003F"
                     characterName="#No Unicode Equivalent"/>
  <codePointMapping origCodePoint="00C4"
                     unicodeCodePoint="003F"
                     characterName="#No Unicode Equivalent"/>
  <codePointMapping origCodePoint="00C5"
                     unicodeCodePoint="003F"
                     characterName="#No Unicode Equivalent"/>
  <codePointMapping origCodePoint="00C6"
                     unicodeCodePoint="003F"
                     characterName="#No Unicode Equivalent"/>
  <codePointMapping origCodePoint="00C7"
                     unicodeCodePoint="003F"
                     characterName="#No Unicode Equivalent"/>
  <codePointMapping origCodePoint="00C8"
                     unicodeCodePoint="003F"
                     characterName="#No Unicode Equivalent"/>
  <codePointMapping origCodePoint="00C9"
                     unicodeCodePoint="003F"
                     characterName="#No Unicode Equivalent"/>
  <codePointMapping origCodePoint="00CA"
                     unicodeCodePoint="003F"
                     characterName="#No Unicode Equivalent"/>
  <codePointMapping origCodePoint="00CB"
                     unicodeCodePoint="003F"
                     characterName="#No Unicode Equivalent"/>
  <codePointMapping origCodePoint="00CC"
                     unicodeCodePoint="003F"
                     characterName="#No Unicode Equivalent"/>
  <codePointMapping origCodePoint="00CD"
                     unicodeCodePoint="003F"
                     characterName="#No Unicode Equivalent"/>
  <codePointMapping origCodePoint="00CE"
                     unicodeCodePoint="003F"
                     characterName="#No Unicode Equivalent"/>
  <codePointMapping origCodePoint="00CF"
                     unicodeCodePoint="003F"
                     characterName="#No Unicode Equivalent"/>
  <codePointMapping origCodePoint="00D0"
                     unicodeCodePoint="003F"
                     characterName="#No Unicode Equivalent"/>
  <codePointMapping origCodePoint="00D1"
                     unicodeCodePoint="003F"
                     characterName="#No Unicode Equivalent"/>
  <codePointMapping origCodePoint="00D2"
                     unicodeCodePoint="003F"
                     characterName="#No Unicode Equivalent"/>
  <codePointMapping origCodePoint="00D3"
                     unicodeCodePoint="003F"
                     characterName="#No Unicode Equivalent"/>
  <codePointMapping origCodePoint="00D4"
                     unicodeCodePoint="003F"
                     characterName="#No Unicode Equivalent"/>
  <codePointMapping origCodePoint="00D5"
                     unicodeCodePoint="232B"
                     characterName="Erase to the left"/>
  <codePointMapping origCodePoint="00D6"
                     unicodeCodePoint="2326"
                     characterName="Erase to the right"/>
  <codePointMapping origCodePoint="00D7"
                     unicodeCodePoint="003F"
                     characterName="#No Unicode Equivalent"/>
  <codePointMapping origCodePoint="00D8"
                     unicodeCodePoint="27A2"
                     characterName="Three-D top-lighted rightwards arrowhead"/>
  <codePointMapping origCodePoint="00D9"
                     unicodeCodePoint="003F"
                     characterName="#No Unicode Equivalent"/>
  <codePointMapping origCodePoint="00DA"
                     unicodeCodePoint="003F"
                     characterName="#No Unicode Equivalent"/>
  <codePointMapping origCodePoint="00DB"
                     unicodeCodePoint="003F"
                     characterName="#No Unicode Equivalent"/>
  <codePointMapping origCodePoint="00DC"
                     unicodeCodePoint="27B2"
                     characterName="Circled heavy white rightwards arrow"/>
  <codePointMapping origCodePoint="00DD"
                     unicodeCodePoint="003F"
                     characterName="#No Unicode Equivalent"/>
  <codePointMapping origCodePoint="00DE"
                     unicodeCodePoint="003F"
                     characterName="#No Unicode Equivalent"/>
  <codePointMapping origCodePoint="00DF"
                     unicodeCodePoint="003F"
                     characterName="#No Unicode Equivalent"/>
  <codePointMapping origCodePoint="00E0"
                     unicodeCodePoint="003F"
                     characterName="#No Unicode Equivalent"/>
  <codePointMapping origCodePoint="00E1"
                     unicodeCodePoint="003F"
                     characterName="#No Unicode Equivalent"/>
  <codePointMapping origCodePoint="00E2"
                     unicodeCodePoint="003F"
                     characterName="#No Unicode Equivalent"/>
  <codePointMapping origCodePoint="00E3"
                     unicodeCodePoint="003F"
                     characterName="#No Unicode Equivalent"/>
  <codePointMapping origCodePoint="00E4"
                     unicodeCodePoint="003F"
                     characterName="#No Unicode Equivalent"/>
  <codePointMapping origCodePoint="00E5"
                     unicodeCodePoint="003F"
                     characterName="#No Unicode Equivalent"/>
  <codePointMapping origCodePoint="00E6"
                     unicodeCodePoint="003F"
                     characterName="#No Unicode Equivalent"/>
  <codePointMapping origCodePoint="00E7"
                     unicodeCodePoint="003F"
                     characterName="#No Unicode Equivalent"/>
  <codePointMapping origCodePoint="00E8"
                     unicodeCodePoint="2794"
                     characterName="Heavy wide-headed rightwards arrow"/>
  <codePointMapping origCodePoint="00E9"
                     unicodeCodePoint="003F"
                     characterName="#No Unicode Equivalent"/>
  <codePointMapping origCodePoint="00EA"
                     unicodeCodePoint="003F"
                     characterName="#No Unicode Equivalent"/>
  <codePointMapping origCodePoint="00EB"
                     unicodeCodePoint="003F"
                     characterName="#No Unicode Equivalent"/>
  <codePointMapping origCodePoint="00EC"
                     unicodeCodePoint="003F"
                     characterName="#No Unicode Equivalent"/>
  <codePointMapping origCodePoint="00ED"
                     unicodeCodePoint="003F"
                     characterName="#No Unicode Equivalent"/>
  <codePointMapping origCodePoint="00EE"
                     unicodeCodePoint="003F"
                     characterName="#No Unicode Equivalent"/>
  <codePointMapping origCodePoint="00EF"
                     unicodeCodePoint="21E6"
                     characterName="Leftwards white arrow"/>
  <codePointMapping origCodePoint="00F0"
                     unicodeCodePoint="21E8"
                     characterName="Rightwards white arrow"/>
  <codePointMapping origCodePoint="00F1"
                     unicodeCodePoint="21E7"
                     characterName="Upwards white arrow"/>
  <codePointMapping origCodePoint="00F2"
                     unicodeCodePoint="21E9"
                     characterName="Downwards white arrow"/>
  <codePointMapping origCodePoint="00F3"
                     unicodeCodePoint="2B04"
                     characterName="Left right white arrow"/>
  <codePointMapping origCodePoint="00F4"
                     unicodeCodePoint="21F3"
                     characterName="Up down white arrow"/>
  <codePointMapping origCodePoint="00F5"
                     unicodeCodePoint="2B00"
                     characterName="North east white arrow"/>
  <codePointMapping origCodePoint="00F6"
                     unicodeCodePoint="2B01"
                     characterName="North west white arrow"/>
  <codePointMapping origCodePoint="00F7"
                     unicodeCodePoint="2B03"
                     characterName="South west white arrow"/>
  <codePointMapping origCodePoint="00F8"
                     unicodeCodePoint="2B02"
                     characterName="South east white arrow"/>
  <codePointMapping origCodePoint="00F9"
                     unicodeCodePoint="25AD"
                     characterName="White rectangle"/>
  <codePointMapping origCodePoint="00FA"
                     unicodeCodePoint="25AB"
                     characterName="White small square"/>
  <codePointMapping origCodePoint="00FB"
                     unicodeCodePoint="2717"
                     characterName="Ballot X"/>
  <codePointMapping origCodePoint="00FC"
                     unicodeCodePoint="2713"
                     characterName="Check mark"/>
  <codePointMapping origCodePoint="00FD"
                     unicodeCodePoint="2612"
                     characterName="Ballot box with X (font-weight:bold)"/>
  <codePointMapping origCodePoint="00FE"
                     unicodeCodePoint="2611"
                     characterName="Ballot box with check (font-weight:bold)"/>
  <codePointMapping origCodePoint="00FF"
                     unicodeCodePoint="003F"
                     characterName="#No Unicode Equivalent"/>
</Font2UnicodeMap>
