[
  {
    "name": "Image",
    "enabled": true,
    "fields": [
      {
        "type": "assets",
        "settings": {
          "subType": "image",
          "maxAssets": 1
        },
        "validation": {
          "requireField": {
            "active": false
          }
        },
        "name": "imageFile",
        "label": "ImageFile",
        "descriptionActive": false,
        "description": "",
        "tooltipActive": false,
        "tooltip": "",
        "row": 0,
        "width": "full",
        "position": "start"
      },
      {
        "type": "singleLineText",
        "setDefaultValueAsHidden": false,
        "settings": {
          "subType": "singleLine"
        },
        "validation": {
          "requireField": {
            "active": false
          },
          "numberOfCharacters": {
            "active": false,
            "rangeDefinition": "minimum"
          }
        },
        "name": "altText",
        "label": "AltText",
        "descriptionActive": false,
        "description": "",
        "tooltipActive": false,
        "tooltip": "",
        "row": 1,
        "width": "full",
        "position": "start"
      },
      {
        "type": "singleLineText",
        "setDefaultValueAsHidden": false,
        "settings": {
          "subType": "singleLine"
        },
        "validation": {
          "requireField": {
            "active": false
          },
          "numberOfCharacters": {
            "active": false,
            "rangeDefinition": "minimum"
          }
        },
        "name": "overlay1",
        "label": "Overlay1",
        "descriptionActive": false,
        "description": "",
        "tooltipActive": false,
        "tooltip": "",
        "row": 2,
        "width": "quarter",
        "position": "start"
      },
      {
        "type": "singleLineText",
        "setDefaultValueAsHidden": false,
        "settings": {
          "subType": "singleLine"
        },
        "validation": {
          "requireField": {
            "active": false
          },
          "numberOfCharacters": {
            "active": false,
            "rangeDefinition": "minimum"
          }
        },
        "name": "overlay2",
        "label": "Overlay2",
        "descriptionActive": false,
        "description": "",
        "tooltipActive": false,
        "tooltip": "",
        "row": 2,
        "width": "quarter",
        "position": "quarter"
      }
    ],
    "properties": {
      "contentName": {
        "type": "contentName",
        "settings": {
          "nameGeneratorFields": []
        },
        "label": "Content Item Name",
        "descriptionActive": false,
        "tooltipActive": false,
        "row": 0,
        "width": "half",
        "position": "start"
      },
      "contentTags": {
        "type": "contentTags",
        "validation": {
          "requireField": {
            "active": false
          }
        },
        "label": "Tags",
        "descriptionActive": false,
        "tooltipActive": false,
        "row": 0,
        "width": "half",
        "position": "half"
      },
      "contentDescription": {
        "type": "contentDescription",
        "validation": {
          "requireField": {
            "active": false
          }
        },
        "label": "Description",
        "descriptionActive": false,
        "tooltipActive": false,
        "row": 1,
        "width": "full",
        "position": "start"
      }
    }
  },
  {
    "name": "Step",
    "enabled": true,
    "fields": [
      {
        "type": "multiLineText",
        "setDefaultValueAsHidden": false,
        "settings": {
          "subType": "textEditor"
        },
        "validation": {
          "requireField": {
            "active": false
          },
          "numberOfCharacters": {
            "active": false,
            "rangeDefinition": "minimum"
          }
        },
        "name": "command",
        "label": "Command",
        "descriptionActive": false,
        "description": "",
        "tooltipActive": false,
        "tooltip": "",
        "row": 0,
        "width": "full",
        "position": "start"
      },
      {
        "type": "multiLineText",
        "setDefaultValueAsHidden": false,
        "settings": {
          "subType": "textEditor"
        },
        "validation": {
          "requireField": {
            "active": false
          },
          "numberOfCharacters": {
            "active": false,
            "rangeDefinition": "minimum"
          }
        },
        "name": "info",
        "label": "Info",
        "descriptionActive": false,
        "description": "",
        "tooltipActive": false,
        "tooltip": "",
        "row": 1,
        "width": "full",
        "position": "start"
      },
      {
        "type": "referenceObject",
        "allowedContentTypeName": "Image",
        "settings": {
          "subType": "multiReferenceObject"
        },
        "validation": {
          "requireField": {
            "active": false
          },
          "numberOfReferences": {
            "active": false,
            "rangeDefinition": "minimum"
          }
        },
        "name": "image",
        "label": "Image",
        "descriptionActive": false,
        "description": "",
        "tooltipActive": false,
        "tooltip": "",
        "row": 2,
        "width": "full",
        "position": "start"
      },
      {
        "type": "referenceObject",
        "allowedContentTypeName": "Choice",
        "settings": {
          "subType": "multiReferenceObject"
        },
        "validation": {
          "requireField": {
            "active": false
          },
          "numberOfReferences": {
            "active": false,
            "rangeDefinition": "minimum"
          }
        },
        "name": "choices",
        "label": "Choices",
        "descriptionActive": false,
        "description": "",
        "tooltipActive": false,
        "tooltip": "",
        "row": 3,
        "width": "full",
        "position": "start"
      },
      {
        "type": "referenceObject",
        "allowedContentTypeName": "Substep",
        "settings": {
          "subType": "multiReferenceObject"
        },
        "validation": {
          "requireField": {
            "active": false
          },
          "numberOfReferences": {
            "active": false,
            "rangeDefinition": "minimum"
          }
        },
        "name": "substeps",
        "label": "Substeps",
        "descriptionActive": false,
        "description": "",
        "tooltipActive": false,
        "tooltip": "",
        "row": 4,
        "width": "full",
        "position": "start"
      },
      {
        "type": "multiLineText",
        "setDefaultValueAsHidden": false,
        "settings": {
          "subType": "textEditor"
        },
        "validation": {
          "requireField": {
            "active": false
          },
          "numberOfCharacters": {
            "active": false,
            "rangeDefinition": "minimum"
          }
        },
        "name": "results",
        "label": "Results",
        "descriptionActive": false,
        "description": "",
        "tooltipActive": false,
        "tooltip": "",
        "row": 5,
        "width": "full",
        "position": "start"
      }
    ],
    "properties": {
      "contentName": {
        "type": "contentName",
        "settings": {
          "nameGeneratorFields": []
        },
        "label": "Content Item Name",
        "descriptionActive": false,
        "tooltipActive": false,
        "row": 0,
        "width": "half",
        "position": "start"
      },
      "contentTags": {
        "type": "contentTags",
        "validation": {
          "requireField": {
            "active": false
          }
        },
        "label": "Tags",
        "descriptionActive": false,
        "tooltipActive": false,
        "row": 0,
        "width": "half",
        "position": "half"
      },
      "contentDescription": {
        "type": "contentDescription",
        "validation": {
          "requireField": {
            "active": false
          }
        },
        "label": "Description",
        "descriptionActive": false,
        "tooltipActive": false,
        "row": 1,
        "width": "full",
        "position": "start"
      }
    }
  },
  {
    "name": "Choice",
    "enabled": true,
    "fields": [
      {
        "type": "singleLineText",
        "setDefaultValueAsHidden": false,
        "settings": {
          "subType": "singleLine"
        },
        "validation": {
          "requireField": {
            "active": false
          },
          "numberOfCharacters": {
            "active": false,
            "rangeDefinition": "minimum"
          }
        },
        "name": "command",
        "label": "Command",
        "descriptionActive": false,
        "description": "",
        "tooltipActive": false,
        "tooltip": "",
        "row": 0,
        "width": "full",
        "position": "start"
      },
      {
        "type": "multiLineText",
        "setDefaultValueAsHidden": false,
        "settings": {
          "subType": "textEditor"
        },
        "validation": {
          "requireField": {
            "active": false
          },
          "numberOfCharacters": {
            "active": false,
            "rangeDefinition": "minimum"
          }
        },
        "name": "info",
        "label": "Info",
        "descriptionActive": false,
        "description": "",
        "tooltipActive": false,
        "tooltip": "",
        "row": 2,
        "width": "full",
        "position": "start"
      },
      {
        "type": "referenceObject",
        "allowedContentTypeName": "Image",
        "settings": {
          "subType": "singleReferenceObject"
        },
        "validation": {
          "requireField": {
            "active": false
          },
          "numberOfReferences": {
            "active": false,
            "rangeDefinition": "minimum"
          }
        },
        "name": "image",
        "label": "Image",
        "descriptionActive": false,
        "description": "",
        "tooltipActive": false,
        "tooltip": "",
        "row": 1,
        "width": "full",
        "position": "start"
      }
    ],
    "properties": {
      "contentName": {
        "type": "contentName",
        "settings": {
          "nameGeneratorFields": []
        },
        "label": "Content Item Name",
        "descriptionActive": false,
        "tooltipActive": false,
        "row": 0,
        "width": "half",
        "position": "start"
      },
      "contentTags": {
        "type": "contentTags",
        "validation": {
          "requireField": {
            "active": false
          }
        },
        "label": "Tags",
        "descriptionActive": false,
        "tooltipActive": false,
        "row": 0,
        "width": "half",
        "position": "half"
      },
      "contentDescription": {
        "type": "contentDescription",
        "validation": {
          "requireField": {
            "active": false
          }
        },
        "label": "Description",
        "descriptionActive": false,
        "tooltipActive": false,
        "row": 1,
        "width": "full",
        "position": "start"
      }
    }
  },
  {
    "name": "Substep",
    "enabled": true,
    "fields": [
      {
        "type": "multiLineText",
        "setDefaultValueAsHidden": false,
        "settings": {
          "subType": "textEditor"
        },
        "validation": {
          "requireField": {
            "active": false
          },
          "numberOfCharacters": {
            "active": false,
            "rangeDefinition": "minimum"
          }
        },
        "name": "command",
        "label": "Command",
        "descriptionActive": false,
        "description": "",
        "tooltipActive": false,
        "tooltip": "",
        "row": 0,
        "width": "full",
        "position": "start"
      },
      {
        "type": "multiLineText",
        "setDefaultValueAsHidden": false,
        "settings": {
          "subType": "textEditor"
        },
        "validation": {
          "requireField": {
            "active": false
          },
          "numberOfCharacters": {
            "active": false,
            "rangeDefinition": "minimum"
          }
        },
        "name": "info",
        "label": "Info",
        "descriptionActive": false,
        "description": "",
        "tooltipActive": false,
        "tooltip": "",
        "row": 1,
        "width": "full",
        "position": "start"
      },
      {
        "type": "referenceObject",
        "allowedContentTypeName": "Image",
        "settings": {
          "subType": "multiReferenceObject"
        },
        "validation": {
          "requireField": {
            "active": false
          },
          "numberOfReferences": {
            "active": false,
            "rangeDefinition": "minimum"
          }
        },
        "name": "image",
        "label": "Image",
        "descriptionActive": false,
        "description": "",
        "tooltipActive": false,
        "tooltip": "",
        "row": 2,
        "width": "full",
        "position": "start"
      },
      {
        "type": "multiLineText",
        "setDefaultValueAsHidden": false,
        "settings": {
          "subType": "textEditor"
        },
        "validation": {
          "requireField": {
            "active": false
          },
          "numberOfCharacters": {
            "active": false,
            "rangeDefinition": "minimum"
          }
        },
        "name": "results",
        "label": "Results",
        "descriptionActive": false,
        "description": "",
        "tooltipActive": false,
        "tooltip": "",
        "row": 3,
        "width": "full",
        "position": "start"
      }
    ],
    "properties": {
      "contentName": {
        "type": "contentName",
        "settings": {
          "nameGeneratorFields": []
        },
        "label": "Content Item Name",
        "descriptionActive": false,
        "tooltipActive": false,
        "row": 0,
        "width": "half",
        "position": "start"
      },
      "contentTags": {
        "type": "contentTags",
        "validation": {
          "requireField": {
            "active": false
          }
        },
        "label": "Tags",
        "descriptionActive": false,
        "tooltipActive": false,
        "row": 0,
        "width": "half",
        "position": "half"
      },
      "contentDescription": {
        "type": "contentDescription",
        "validation": {
          "requireField": {
            "active": false
          }
        },
        "label": "Description",
        "descriptionActive": false,
        "tooltipActive": false,
        "row": 1,
        "width": "full",
        "position": "start"
      }
    }
  },
  {
    "name": "Passage",
    "enabled": true,
    "fields": [
      {
        "type": "multiLineText",
        "setDefaultValueAsHidden": false,
        "settings": {
          "subType": "textEditor"
        },
        "validation": {
          "requireField": {
            "active": false
          },
          "numberOfCharacters": {
            "active": false,
            "rangeDefinition": "minimum"
          }
        },
        "name": "text",
        "label": "Text",
        "descriptionActive": false,
        "description": "",
        "tooltipActive": false,
        "tooltip": "",
        "row": 0,
        "width": "full",
        "position": "start"
      },
      {
        "type": "referenceObject",
        "allowedContentTypeName": "Image",
        "settings": {
          "subType": "multiReferenceObject"
        },
        "validation": {
          "requireField": {
            "active": false
          },
          "numberOfReferences": {
            "active": false,
            "rangeDefinition": "minimum"
          }
        },
        "name": "image",
        "label": "Image",
        "descriptionActive": false,
        "description": "",
        "tooltipActive": false,
        "tooltip": "",
        "row": 1,
        "width": "full",
        "position": "start"
      },
      {
        "type": "referenceObject",
        "allowedContentTypeName": "Step",
        "settings": {
          "subType": "multiReferenceObject"
        },
        "validation": {
          "requireField": {
            "active": false
          },
          "numberOfReferences": {
            "active": false,
            "rangeDefinition": "minimum"
          }
        },
        "name": "steps",
        "label": "Steps",
        "descriptionActive": false,
        "description": "",
        "tooltipActive": false,
        "tooltip": "",
        "row": 2,
        "width": "full",
        "position": "start"
      }
    ],
    "properties": {
      "contentName": {
        "type": "contentName",
        "settings": {
          "nameGeneratorFields": []
        },
        "label": "Content Item Name",
        "descriptionActive": false,
        "tooltipActive": false,
        "row": 0,
        "width": "half",
        "position": "start"
      },
      "contentTags": {
        "type": "contentTags",
        "validation": {
          "requireField": {
            "active": false
          }
        },
        "label": "Tags",
        "descriptionActive": false,
        "tooltipActive": false,
        "row": 0,
        "width": "half",
        "position": "half"
      },
      "contentDescription": {
        "type": "contentDescription",
        "validation": {
          "requireField": {
            "active": false
          }
        },
        "label": "Description",
        "descriptionActive": false,
        "tooltipActive": false,
        "row": 1,
        "width": "full",
        "position": "start"
      }
    }
  }
]